<?xml version='1.0' encoding='utf-8' standalone='yes' ?>
<map>
    <string name="phoneid_id2">10c03716-8cf4-49ed-ad64-812a36d97579</string>
    <int name="num_notification_channels_created" value="3" />
    <int name="number_of_inactive_accounts" value="0" />
    <int name="pref_autoconf_verification_status" value="-1" />
    <boolean name="companion_reg_opt_in_enabled" value="true" />
    <boolean name="pref_prefer_sms_over_flash" value="false" />
    <string name="backup_token_retrieval_error">null_token</string>
    <boolean name="is_chrome_device_cached" value="false" />
    <string name="sticker_store_etag">2988467b84eecd461ca3965854edbdab</string>
    <int name="c2dm_app_vers" value="232188001" />
    <int name="connection_lc" value="0" />
    <string name="c2dm_reg_id">f3p13f_JUR0:APA91bEVXS0SUlUPxq5I-gQWOnGN4OTPivG3gFlvsihwiGst8EFxy8MTresF2HcGdwid8lsUF4yDnRuSya4-EDjFu7vVJyy6SDeIYf3baJIdINT2ybS7i5yi3g_cRSjcs8g0PVp7o58L</string>
    <boolean name="signal_protocol_store_is_new" value="true" />
    <string name="push:push_pkey_data">[2,&quot;uBEWb3SbHvxRv+9rw2RAR+05fgiZHrqunKa\/MK6Ty10&quot;,&quot;5CHwahrX2e+\/zhrdqtsLmQ&quot;,&quot;LJbmbg&quot;,&quot;TJURu\/KYmCZsRd5YkzzQcA&quot;]</string>
    <long name="client_version_upgrade_timestamp" value="1713421271247" />
    <long name="sticker_store_last_fetch_time" value="1713421271603" />
    <long name="next_randomized_daily_cron" value="1713433751370" />
    <long name="eula_accepted_time" value="1713421274706" />
    <boolean name="is_eula_loaded_once" value="true" />
    <long name="push:push_pkey_generate_ts" value="1713421273817" />
    <boolean name="android.permission.POST_NOTIFICATIONS" value="true" />
    <boolean name="is_ls_shown_during_reg" value="true" />
    <boolean name="pref_flash_call_education_screen_displayed" value="false" />
    <long name="sticker_store_backoff_time" value="0" />
    <long name="language_selector_time_spent" value="3459" />
    <string name="token_used_during_reg">8ps5J72TctsIr+uETFN1F1Jvk3o</string>
    <boolean name="report_unhealthy_module" value="true" />
    <string name="registration_failure_reason"></string>
    <long name="phoneid_timestamp2" value="1713347567913" />
    <long name="ka_static_refresh_ts" value="1713421274" />
    <string name="external_storage_type">scoped</string>
    <int name="notification_channels_schema_version" value="2" />
    <string name="smb_app_install_source">unknown|unknown</string>
    <int name="sticker_store_backoff_attempt" value="0" />
    <int name="logins_with_messages" value="0" />
    <string name="perf_device_id">859d772d-9b28-4bdd-b0e3-bc5f2c8ec3d5</string>
    <int name="notification_channel_upgrade_version" value="1" />
    <boolean name="input_enter_send" value="false" />
</map>
